time,ps_waveform,ps_bpm,cam_waveform_red,cam_waveform_green,cam_bpm
0.090664,84,60,84.7183125,148.18423125,0
0.11991,83,60,84.73085625,148.25705,0
0.16045,81,60,84.6421875,148.297575,0
0.186616,78,60,84.71953125,148.4078625,0
0.213245,74,60,84.6495625,148.47449375,0
0.244859,69,60,84.61558125,148.496925,0
0.274413,64,60,84.22841875,148.45228125,0
0.305002,58,60,84.04838125,148.43715625,0
0.336018,52,60,83.9747375,148.39318125,0
0.367502,47,60,83.9433625,148.41395625,0
0.399013,41,60,83.89158125,148.42841875,0
0.431781,37,60,84.036425,148.46174375,0
0.462012,33,60,84.137475,148.47180625,0
0.490683,29,60,84.1916,148.51025,0
0.520919,27,60,84.1601625,148.56085,0
0.553342,27,60,84.20888125,148.61589375,0
0.582662,28,60,84.252975,148.67173125,0
0.613517,30,60,84.37425,148.72784375,0
0.644435,32,60,84.31863125,148.7915375,0
0.675215,35,60,84.3130125,148.80593125,0
0.707575,38,60,84.2233,148.82309375,0
0.737052,40,60,84.5952125,148.847725,0
0.76912,40,60,84.77941875,148.90575,0
0.798607,40,60,84.8916375,148.92214375,0
0.829434,40,60,84.86208125,148.929825,0
0.861782,40,60,84.9067125,148.817575,0
0.893517,40,60,84.42026875,148.58761875,0
0.923331,39,60,84.37548125,148.3702625,0
0.953516,37,60,84.28358125,148.261275,0
0.983729,36,60,84.25288125,148.29745,0
1.016105,34,60,84.28838125,148.3903625,0
1.045465,32,60,84.72800625,148.47215625,0
1.076943,30,60,85.02505,148.58406875,0
1.107143,28,60,85.19864375,148.65864375,0
1.137847,27,60,85.136825,148.7686125,0
1.171544,25,60,85.19295,148.83228125,0
1.19976,23,60,84.642225,148.84809375,0
1.230445,22,60,84.42565,148.80253125,0
1.261256,20,60,84.22708125,148.7931875,0
1.2922,19,60,84.17293125,148.747525,0
1.324504,18,60,84.202125,148.75595,0
1.356711,17,60,84.18546875,148.75733125,0
1.385833,16,60,84.1372875,148.83065625,0
1.415914,16,60,84.1969375,148.8664875,0
1.44646,15,60,84.2509375,148.92985,0
1.480161,15,60,84.2981875,148.97873125,0
1.508354,15,60,84.3048625,149.03549375,0
1.538954,15,60,84.492725,149.07549375,0
1.569981,15,60,84.43504375,149.10644375,0
1.600604,18,60,84.44031875,149.141925,0
1.632972,25,60,84.4224875,149.2030125,0
1.662554,34,60,84.8577625,149.2574625,0
1.693212,44,60,84.890325,149.3027125,0
1.724102,57,60,84.9432,149.34401875,0
1.755071,69,60,84.91459375,149.38749375,0
1.787963,80,60,84.911,149.40226875,0
1.821505,87,60,84.5409875,149.3902125,0
1.850616,90,60,84.49835625,149.2477125,0
1.880059,91,60,84.4323375,149.0553,0
1.909389,89,60,84.4721125,148.837025,0
1.941651,86,60,84.47129375,148.7469625,0
1.971025,82,60,84.56976875,148.78708125,0
2.001716,77,60,84.64724375,148.88464375,0
2.032909,72,60,84.6802,148.9340125,0
2.063391,67,60,84.6171875,148.9730375,0
2.095745,61,60,84.621475,149.053625,0
2.125328,55,60,84.38874375,149.17883125,0
2.15599,49,60,84.42745,149.2259,0
2.188161,44,60,84.3584875,149.24083125,0
2.217674,40,60,84.3124,149.1894875,0
2.249988,35,60,84.23796875,149.20178125,0
2.279804,33,60,85.05591875,149.15839375,0
2.312416,31,60,85.4253125,149.17558125,0
2.342038,31,60,85.61971875,149.193575,0
2.3719,32,60,85.6861125,149.1784625,0
2.404286,35,60,85.73988125,149.21494375,0
2.433859,37,60,85.36438125,149.2882,0
2.464419,40,60,85.02413125,149.3133875,0
2.496042,41,60,84.8758125,149.3506625,0
2.526167,42,60,84.78328125,149.3961875,0
2.558482,43,60,84.746625,149.398075,0
2.58996,43,60,84.777925,149.43935,0
2.639691,43,60,84.8495375,149.4697,0
2.692678,42,60,84.82739375,149.5464625,0
2.720638,40,60,84.79869375,149.5873,0
2.747245,40,60,84.170375,149.64486875,0
2.773804,38,60,83.8258625,149.59835625,0
2.803699,36,60,83.70585625,149.4851875,0
2.834656,34,60,83.5901,149.25678125,0
2.868624,32,60,83.58589375,149.08714375,0
2.908003,30,60,84.18945,148.94980625,0
2.936092,28,60,84.39058125,148.9650125,0
2.962491,26,60,84.48933125,149.01314375,0
2.989136,25,60,84.561125,149.05943125,0
3.021165,23,60,84.6467,149.09809375,0
3.050716,22,60,84.8238625,149.18195,0
3.081451,21,60,84.99758125,149.26535,0
3.112237,20,60,85.01763125,149.338725,0
3.14318,19,60,85.0644875,149.35033125,0
3.175534,18,60,85.062575,149.317325,0
3.206252,17,60,84.459875,149.27766875,0
3.235873,17,60,84.18920625,149.24198125,0
3.266482,17,60,84.07225625,149.21535625,0
3.29733,16,60,83.9374,149.22110625,0
3.331839,16,60,83.9186,149.24535,0
3.360558,16,60,84.77380625,149.293325,0
3.390244,16,60,85.28304375,149.36075,0
3.42075,17,60,85.445825,149.38714375,0
3.451616,20,60,85.51200625,149.40413125,0
3.483884,27,60,85.57318125,149.43485625,0
3.514663,36,60,85.07061875,149.5024875,0
3.544112,46,60,84.85413125,149.53393125,0
3.575001,58,60,84.56655625,149.5603,0
3.60723,69,60,84.587175,149.60705625,0
3.63812,79,60,84.56210625,149.63303125,0
3.667619,84,60,84.1694625,149.629625,0
3.698501,87,60,84.05366875,149.64765,0
3.729146,87,60,83.85515625,149.5814,0
3.759968,85,60,83.8670125,149.43948125,0
3.795212,82,60,83.9004375,149.1407125,0
3.823181,78,61,84.30314375,148.9145625,0
3.853046,73,61,84.4928625,148.732075,0
3.883406,63,61,84.64980625,148.7061875,0
3.915577,57,61,84.7143375,148.760275,0
3.946611,51,61,84.6864125,148.81035625,0
3.976096,46,61,84.16280625,148.8222,0
4.00681,41,61,84.0224375,148.9032625,0
4.03758,37,61,83.87176875,149.00635,0
4.06838,34,61,83.8335625,149.05731875,0
4.100759,32,61,83.85405625,149.0380625,0
4.130334,31,61,84.032875,148.99386875,0
4.161001,31,61,84.1354625,148.9429,0
4.191851,33,61,84.11994375,148.88023125,0
4.223897,35,61,84.1271,148.8917875,0
4.257053,38,61,84.1850375,148.87203125,0
4.28629,40,61,84.0718125,148.89900625,0
4.316875,41,61,83.99635,148.93093125,0
4.346322,42,61,83.98534375,148.9232125,0
4.376948,43,61,84.04069375,148.976025,0
4.409229,43,61,83.98040625,149.0006875,0
4.438794,43,61,84.30379375,149.06160625,0
4.469484,42,61,84.39555625,149.1035,0
4.500343,40,61,84.43864375,149.1505875,0
4.531416,40,61,84.53128125,149.1682125,0
4.563563,38,61,84.45838125,149.179175,0
4.592987,36,61,83.94210625,149.21233125,0
4.625257,35,61,83.6123375,149.22143125,0
4.654678,33,61,83.4701,149.3035125,0
4.685479,31,61,83.43106875,149.31204375,0
4.721278,29,61,83.35971875,149.2603875,0
4.749552,28,61,83.76655,149.14694375,0
4.778164,26,61,84.0241375,148.88075625,0
4.808816,25,61,84.15556875,148.632525,0
4.839629,24,61,84.37495625,148.531225,0
4.871978,23,61,84.43774375,148.54895625,0
4.901526,22,61,84.416725,148.58569375,0
4.933415,21,61,84.54883125,148.6215125,0
4.963059,20,61,84.571475,148.6875875,0
4.993929,20,61,84.4906,148.76279375,0
5.027694,19,61,84.52445625,148.87714375,0
5.055996,19,61,84.0369875,148.94189375,0
5.086729,19,61,83.624425,148.8723125,0
5.117527,18,61,83.50613125,148.78953125,0
5.148302,18,61,83.34035625,148.7388375,0
5.182965,19,61,83.3968125,148.662825,0
5.211913,22,61,84.1200625,148.606925,0
5.240985,29,61,84.47225625,148.650325,0
5.271813,37,61,84.624925,148.70608125,0
5.30252,46,61,84.7816,148.7051875,0
5.336171,57,61,84.67848125,148.72706875,0
5.364503,68,61,83.8368625,148.71296875,0
5.39529,75,61,83.499875,148.77201875,0
5.42608,80,61,83.142625,148.7817375,0
5.457033,82,61,82.99664375,148.824975,0
5.489104,82,61,82.94694375,148.89030625,0
5.518669,80,61,83.88143125,148.96304375,0
5.549483,76,61,84.36675625,148.90226875,0
5.580274,72,61,84.56721875,148.93949375,0
5.611127,67,61,84.65470625,148.99178125,0
5.646517,62,61,84.73590625,149.0113875,0
5.674898,56,61,84.470175,149.01081875,0
5.703761,50,61,84.23050625,148.97454375,0
5.735871,45,61,84.13456875,148.7680375,0
5.765332,40,61,84.162525,148.61219375,0
5.797525,36,61,84.13065625,148.4706125,0
5.827047,32,61,85.03573125,148.48725625,0
5.857843,29,61,85.44636875,148.5457625,0
5.88862,28,61,85.60245625,148.61771875,0
5.919465,28,61,85.71835,148.70045,0
5.951774,30,61,85.7867125,148.78690625,0
5.981193,32,61,85.03590625,148.89143125,0
6.012134,35,61,84.6335375,148.935025,0
6.044316,37,61,84.3590375,148.9509375,0
6.07383,40,61,84.2044375,148.9715,0
6.108488,40,61,84.2013875,148.92349375,0
6.137184,41,61,84.32943125,148.92186875,0
6.166447,41,61,84.41458125,148.89915,0
6.197326,41,61,84.54560625,148.8987625,0
6.228084,40,61,84.5192625,148.91115,0
6.260282,40,61,84.44309375,148.9419,0
6.289924,39,61,84.54414375,149.022075,0
6.320524,38,61,84.624725,149.0148375,0
6.352594,36,61,84.573225,149.03044375,0
6.382293,34,61,84.55554375,149.0703875,0
6.414515,32,61,84.5693375,149.1573375,0
6.445476,30,61,83.82866875,149.18935625,0
6.474917,29,61,83.27158125,149.1791,0
6.505689,27,61,83.1437125,149.2222,0
6.536923,25,61,82.99126875,149.258375,0
6.570252,24,61,83.00259375,149.32968125,0
6.599755,22,61,83.4793125,149.3412125,0
6.629122,21,61,83.6933125,149.34235625,0
6.659938,20,61,83.837325,149.38663125,0
6.69072,19,61,83.84195625,149.4252875,0
6.72304,19,61,83.94548125,149.3818,0
6.753897,18,61,84.18300625,149.200325,0
6.783291,18,61,84.35616875,149.01445,0
6.814169,17,61,84.4711,148.9238375,0
6.845071,17,61,84.4937875,148.9518125,0
6.877211,17,61,84.56725,148.97904375,0
6.906855,17,61,84.36050625,149.03709375,0
6.937619,18,61,84.25378125,149.08496875,0
6.968356,22,61,84.2566125,149.1581,0
6.999173,29,61,84.0667125,149.232275,0
7.033948,39,61,84.054975,149.235975,0
7.063532,49,61,84.18034375,149.23469375,0
7.091968,61,61,84.384925,149.20294375,0
7.122629,73,61,84.40659375,149.189,0
7.154858,82,61,84.42454375,149.111125,0
7.185806,87,61,84.43494375,149.05096875,0
7.215273,89,61,85.0410625,149.1297125,0
7.246099,89,61,85.17706875,149.1244,0
7.276897,87,61,85.391525,149.14496875,0
7.307778,84,61,85.32588125,149.171,0
7.340023,80,61,85.3824,149.1735375,0
7.370071,75,61,84.7656875,149.1733125,0
7.400398,70,61,84.4365375,149.18779375,0
7.431078,64,61,84.32288125,149.19915625,0
7.463662,59,61,84.2699625,149.2518125,0
7.496614,53,61,84.12534375,149.29423125,0
7.525237,48,61,83.9206,149.34870625,0
7.554676,43,61,83.788225,149.3607,0
7.585409,39,61,83.73385,149.41516875,0
7.616169,36,61,83.6597625,149.4688625,0
7.648396,35,61,83.7284125,149.5387625,0
7.677968,35,61,83.74454375,149.54686875,0
7.708716,36,61,83.806025,149.5373625,0
7.739585,38,61,83.7958125,149.50965,0
7.771162,40,61,83.83723125,149.53876875,0
7.802683,42,61,83.7351375,149.57644375,0
7.83216,44,61,84.62651875,149.59759375,0
7.864351,45,61,85.0358375,149.63880625,0
7.893813,45,61,85.18413125,149.59935,0
7.924697,45,61,85.2824,149.46059375,0
7.959248,45,61,85.40468125,149.28348125,0
7.988101,43,61,84.89685,149.04873125,0
8.017391,42,61,84.573325,148.9639,0
8.048149,40,61,84.4877625,148.928175,0
8.078912,40,61,84.50253125,148.95726875,0
8.111189,38,61,84.50266875,149.06095625,0
8.140764,36,61,84.3349125,149.05583125,0
8.17288,34,61,84.41881875,149.120125,0
8.202284,32,61,84.30245625,149.19205,0
8.233198,30,61,84.4000125,149.1912625,0
8.265393,28,61,84.3359375,149.14915625,0
8.294995,27,61,84.66429375,149.07774375,0
8.32576,25,61,84.76448125,148.9388375,0
8.356612,24,61,84.8048875,148.87099375,0
8.387486,22,61,84.9209125,148.842525,0
8.422454,21,61,84.91514375,148.834175,0
8.450565,21,61,84.78546875,148.78648125,0
8.481204,20,61,84.65305625,148.7325875,0
8.510874,20,61,84.426725,148.72006875,0
8.541566,20,61,84.36680625,148.713075,0
8.575204,20,61,84.428125,148.7153625,0
8.60348,20,61,84.8231375,148.76051875,0
8.634263,20,61,84.90364375,148.7514625,0
8.665087,20,61,84.97963125,148.72958125,0
8.695955,20,61,84.93810625,148.7429875,0
8.728106,20,61,85.0019875,148.76394375,0
8.757623,21,61,85.0507625,148.80146875,0
8.78883,23,61,85.09071875,148.820475,0
8.819245,28,61,85.1365,148.82245625,0
8.850107,35,61,85.128525,148.8253875,0
8.887854,43,61,85.15421875,148.815225,0
8.91627,54,61,84.5076875,148.78435625,0
8.943744,64,61,84.29668125,148.59966875,0
8.973612,73,61,84.3155125,148.303175,0
9.004356,79,61,84.3150625,148.042025,0
9.036784,82,61,84.33674375,147.87604375,0
9.06623,82,61,85.10674375,147.82140625,0
9.097006,81,61,85.6047,147.84226875,0
9.127768,78,61,85.81950625,147.8322375,0
9.158582,74,61,85.94315,147.8091625,0
9.192133,70,61,86.0030125,147.8278875,0
9.220379,65,61,85.20886875,147.85775,0
9.251222,60,61,85.03380625,147.8414375,0
9.281914,54,61,84.83999375,147.80586875,0
9.312804,49,61,84.71715625,147.71655,0
9.34768,44,61,84.7341,147.64096875,0
9.3765,40,61,85.2170375,147.62538125,0
9.40561,35,61,85.441875,147.55116875,0
9.436403,32,61,85.5604875,147.5030125,0
9.467074,30,61,85.6335875,147.47904375,0
9.500516,30,61,85.68044375,147.48245625,0
9.528965,31,61,85.32856875,147.48318125,0
9.559517,33,61,85.26129375,147.46100625,0
9.59178,35,61,85.16155625,147.46786875,0
9.621415,38,61,85.14553125,147.46204375,0
9.653585,40,61,85.15740625,147.49845625,0
9.682923,41,61,85.400325,147.48615625,0
9.713936,42,61,85.44310625,147.5009,0
9.744764,42,61,85.564425,147.5096875,0
9.775477,42,61,85.67518125,147.51966875,0
9.810305,42,61,85.68048125,147.5393,0
9.838888,41,61,85.6347625,147.54074375,0
9.86824,40,61,85.60141875,147.5689375,0
9.900362,40,61,85.56301875,147.5182875,0
9.929833,39,61,85.56185625,147.48835625,0
9.962522,37,61,85.5235625,147.3832125,0
9.991663,36,61,85.42418125,147.1241625,0
10.022294,35,61,85.33661875,146.8498375,0
10.053482,33,61,85.38546875,146.6757125,0
10.084366,32,61,85.42020625,146.62405,0
10.116534,30,61,85.47984375,146.61143125,0
10.146074,29,61,85.767675,146.6290875,0
10.176814,28,61,85.88011875,146.6532375,0
10.208279,27,61,85.9721375,146.72219375,0
10.238477,26,61,86.0256375,146.81835,0
10.275377,25,61,86.06939375,146.8568125,0
10.304618,24,61,86.47594375,146.84795625,0
10.331719,24,61,86.62445,146.76319375,0
10.36196,23,61,86.672625,146.6697375,0
10.392695,23,61,86.734525,146.62564375,0
10.424958,22,61,86.85020625,146.59641875,0
10.454574,22,61,86.678825,146.57994375,0
10.485365,22,61,86.64560625,146.599425,0
10.516171,21,61,86.57019375,146.62115625,0
10.547087,21,61,86.61845,146.65855625,0
10.579231,23,61,86.50095,146.6804,0
10.61006,26,61,86.566475,146.74061875,0
10.639637,33,61,86.49035,146.81355,0
10.670233,40,61,86.5046375,146.81364375,0
10.701217,49,61,86.55281875,146.83816875,0
10.737066,59,61,86.44166875,146.8748375,0
10.76496,68,61,86.32488125,146.92028125,0
10.793898,75,61,86.2539375,146.9115,0
10.824831,79,61,86.14464375,146.92445625,0
10.85551,81,61,86.1548375,146.9529375,0
10.887677,80,61,86.109625,146.974825,0
10.918017,78,61,86.13241875,147.020875,0
10.947959,75,61,85.9890375,147.02643125,0
10.978931,71,61,85.97179375,147.03843125,0
11.0111,66,61,86.00591875,147.0638125,0
11.04196,61,61,85.95605,147.1186,0
11.071522,56,61,86.47348125,147.11354375,0
11.102311,51,61,86.6887875,147.14135625,0
11.133089,46,61,86.7949125,147.123325,0
11.163866,41,61,86.91723125,147.16115,0
11.198867,38,61,86.92183125,147.02775,0
11.227184,35,61,86.68063125,146.79635,0
11.256619,33,61,86.51148125,146.631225,0
11.287686,33,61,86.45150625,146.5556,0
11.31953,34,61,86.40218125,146.59930625,0
11.350466,36,61,86.43226875,146.6387875,0
11.380054,38,61,86.3874,146.66879375,0
11.410721,40,61,86.44194375,146.7086,0
11.441634,42,61,86.409575,146.77910625,0
11.472521,43,61,86.37508125,146.8274375,0
11.504606,44,61,86.42656875,146.86579375,0
11.534244,44,61,86.22500625,146.84268125,0
11.564977,43,61,85.9833,146.80079375,0
11.595886,43,61,85.97303125,146.8061375,0
11.629182,42,61,85.8848875,146.7812125,0
11.660487,40,61,85.868275,146.76370625,0
11.689527,40,61,85.82055625,146.7868375,0
11.720473,38,61,85.6621125,146.803875,0
11.750134,37,61,85.56885,146.875875,0
11.780748,35,61,85.6046875,146.89453125,0
11.813264,34,61,85.60573125,146.9450125,0
11.842516,32,61,85.36225,146.96894375,0
11.873416,30,61,85.237725,146.98153125,0
11.904235,29,61,85.17515,147.02554375,0
11.935137,27,61,85.14359375,147.081075,0
11.967319,26,61,85.08964375,147.09654375,0
11.996846,24,61,85.25800625,147.14925625,0
12.028965,23,61,85.2757875,147.18939375,0
12.058425,22,61,85.34373125,147.1993875,0
12.091709,22,61,85.323425,147.22995,0
12.122961,21,61,85.2380625,147.26474375,0
12.152038,21,61,85.131925,147.22561875,0
12.18188,21,61,85.05076875,147.20699375,0
12.212797,21,61,84.9761375,147.25676875,0
12.243531,21,61,85.0100125,147.21059375,0
12.275738,21,61,84.9394875,147.12389375,0
12.305387,21,61,85.4077375,146.88998125,0
12.336726,22,61,85.5785625,146.75403125,0
12.366983,22,61,85.660475,146.7030125,0
12.397806,22,61,85.6256,146.7072875,0
12.431272,24,61,85.6768125,146.70555,0
12.45954,27,61,85.61945,146.77229375,0
12.490397,33,61,85.59975,146.76509375,0
12.521173,40,61,85.6022,146.8525125,0
12.555619,49,61,85.669575,146.98203125,0
12.585241,59,61,85.61793125,147.08005625,0
12.614102,69,61,85.615,147.062675,0
12.644561,77,61,85.4795625,147.00318125,0
12.675473,82,61,85.49219375,146.9314125,0
12.706258,84,61,85.43689375,146.92785625,0
12.739706,84,61,85.42316875,146.92473125,0
12.768107,81,61,85.3231875,146.95533125,0
12.798772,78,61,85.16951875,146.9471125,0
12.829633,74,61,85.196425,146.99631875,0
12.860437,69,61,85.1718125,147.04994375,0
12.892674,64,61,85.1625875,147.08223125,0
12.922229,59,61,84.78286875,147.135225,0
12.953057,53,61,84.64386875,147.1604625,0
12.983879,48,61,84.52229375,147.22130625,0
13.017918,43,61,84.50635,147.243975,0
13.048957,40,61,84.46280625,147.28395625,0
13.076544,37,61,84.24608125,147.30328125,0
13.107214,35,61,84.09683125,147.3446,0
13.139854,35,61,84.00455,147.39163125,0
13.169004,36,61,83.959425,147.417825,0
13.201158,38,61,83.903425,147.4591875,0
13.230701,40,61,84.05550625,147.48479375,0
13.261577,42,61,84.0806125,147.5615875,0
13.292344,44,61,84.13609375,147.6136875,0
13.323197,46,61,84.1483,147.63759375,0
13.355476,47,61,84.12345,147.68800625,0
13.384912,47,61,84.06300625,147.72611875,0
13.41576,46,61,84.0124875,147.75401875,0
13.447882,45,61,83.97090625,147.80805,0
13.479996,44,61,83.89663125,147.8449375,0
13.510938,43,61,83.8895125,147.7610125,0
13.539464,41,61,84.25333125,147.55396875,0
13.569932,40,61,84.43546875,147.38809375,0
13.600868,38,61,84.542175,147.29315,0
13.631649,36,61,84.66216875,147.2983375,0
13.663826,34,61,84.65856875,147.36363125,0
13.693438,32,61,84.085175,147.41260625,0
13.724285,30,61,83.820275,147.4240375,0
13.756027,28,61,83.60890625,147.47420625,0
13.785994,26,61,83.51780625,147.5694,0
13.818161,24,61,83.50245625,147.6370625,0
13.848818,23,61,83.5969625,147.62284375,0
13.878587,22,61,83.63864375,147.5707125,0
13.909163,21,61,83.620225,147.51961875,0
13.942337,20,61,83.6553375,147.560175,0
13.973487,20,61,83.75345625,147.5683375,0
14.001999,20,61,84.23949375,147.5981,0
14.032659,20,61,84.5945875,147.6614125,0
14.063596,21,61,84.72849375,147.71310625,0
14.094429,21,61,84.86466875,147.76231875,0
14.126641,22,61,84.8546875,147.7988125,0
14.157397,22,61,84.641025,147.85228125,0
14.186969,23,61,84.51234375,147.894575,0
14.217761,23,61,84.5023625,147.92198125,0
14.24865,24,61,84.42575,147.927225,0
14.280734,24,61,84.4005875,147.96460625,0
14.310276,25,61,84.6409375,148.0065875,0
14.341177,25,61,84.6858875,148.025025,0
14.371994,25,61,84.7554875,148.055725,0
14.405205,25,61,84.77691875,148.1013625,0
14.436427,25,61,84.804075,148.15669375,0
14.465549,25,61,84.36933125,148.12184375,0
14.495443,24,61,84.12249375,148.148,0
14.526361,24,61,84.10855,148.19795625,0
14.558433,24,61,84.03215625,148.22235625,0
14.589404,23,61,83.94455625,148.2359125,0
14.618934,23,61,83.6530125,148.2760625,0
14.649598,24,61,83.63040625,148.292625,0
14.680484,27,61,83.4759375,148.12404375,0
14.711478,33,61,83.4757625,147.89013125,0
14.743508,41,61,83.52775625,147.6732,0
14.772971,50,61,84.17078125,147.62959375,0
14.803893,61,61,84.43824375,147.629075,0
14.834747,71,61,84.57793125,147.6283375,0
14.868589,83,61,84.71286875,147.66191875,0
14.899227,84,61,84.75059375,147.74735,0
14.927464,83,61,84.24370625,147.766025,0
14.958075,81,61,84.08840625,147.8479,0
14.98923,77,61,84.0729375,147.90491875,0
15.019828,73,61,84.04768125,147.90626875,0
15.052176,68,61,84.0524875,147.8688,0
15.080232,63,61,83.41259375,147.82441875,0
15.111007,58,61,83.05440625,147.7961875,0
15.141858,53,61,82.8860375,147.74946875,0
15.173574,48,61,82.856525,147.79713125,0
15.204946,43,61,82.74476875,147.7970875,0
15.234408,39,61,84.007475,147.8873625,0
15.266525,36,61,84.51528125,147.89949375,0
15.296277,34,61,84.78019375,147.9459375,0
15.328883,33,61,84.9627125,147.9811125,0
15.360212,33,61,84.94189375,148.05666875,0
15.388776,35,61,84.418125,148.06978125,0
15.419514,37,61,84.07809375,148.09624375,0
15.450452,40,61,83.8407875,148.18240625,0
15.481172,44,61,83.73413125,148.21979375,0
15.513403,45,61,83.75476875,148.2621125,0
15.542876,45,61,83.9915125,148.32613125,0
15.575031,45,61,84.17153125,148.3864125,0
15.604595,45,61,84.17980625,148.416425,0
15.635563,44,61,84.11376875,148.44049375,0
15.667552,42,61,84.14729375,148.4560125,0
15.697052,41,61,84.37513125,148.5221625,0
15.727972,40,61,84.4723,148.54759375,0
15.759308,38,61,84.50395625,148.54311875,0
15.790574,37,61,84.4949875,148.5201375,0
15.822389,35,61,84.603475,148.379275,0
15.851381,33,61,84.420425,148.1719875,0
15.883002,31,61,84.3753125,148.02778125,0
15.913092,29,61,84.31211875,147.9662,0
15.943898,28,61,84.36741875,147.97720625,0
15.977428,26,61,84.38594375,148.0437375,0
16.00573,25,61,84.74949375,148.1204,0
16.036351,24,61,84.94126875,148.19254375,0
16.067351,23,61,85.00291875,148.2910125,0
16.098171,23,61,84.95973125,148.34269375,0
16.130221,22,61,85.01366875,148.34341875,0
16.159815,22,61,84.81634375,148.32924375,0
16.190739,22,61,84.647825,148.29036875,0
16.223759,22,61,84.58475,148.26825,0
16.253318,22,61,84.60536875,148.2645625,0
16.286172,22,61,84.6265125,148.27000625,0
16.314099,22,61,84.75809375,148.2582,0
16.344878,23,61,84.82340625,148.33291875,0
16.376432,23,61,84.84799375,148.378475,0
16.406685,23,61,84.8010125,148.42220625,0
16.438975,24,61,84.796525,148.48314375,0
16.468435,26,61,84.9226625,148.5366,0
16.499181,29,61,84.9146875,148.56344375,0
16.530058,35,61,84.93594375,148.61224375,0
16.560926,42,61,84.9319875,148.6891,0
16.593829,51,61,84.90651875,148.7302,0
16.62258,61,61,84.873825,148.7061125,0
16.653494,69,61,85.0016125,148.7664875,0
16.687712,76,61,84.9978875,148.84300625,0
16.716175,79,61,84.9539625,148.88205625,0
16.747678,80,61,84.97374375,148.92301875,0
16.776828,80,61,84.78594375,148.9466625,0
16.807773,77,61,84.737025,149.0028375,0
16.838743,74,61,84.70674375,149.00934375,0
16.869411,70,61,84.65400625,149.03670625,0
16.901662,66,61,84.6664,149.0852125,0
16.931056,61,61,84.96281875,149.137025,0
16.961883,56,61,85.0615125,149.1777625,0
16.994163,51,61,85.1837625,149.212625,0
17.023751,46,61,85.305975,149.21894375,0
17.055873,42,61,85.27865625,149.15414375,0
17.085651,39,61,84.49416875,148.94164375,0
17.116235,35,61,84.1365,148.81619375,0
17.149277,33,61,84.0061125,148.7063625,0
17.178603,33,61,83.9033125,148.76840625,0
17.210537,33,61,83.8773375,148.82283125,0
17.239569,35,61,84.00059375,148.87686875,0
17.270423,37,61,84.12423125,148.90749375,0
17.30197,40,61,84.157625,148.96678125,0
17.332106,42,61,84.19854375,149.08903125,0
17.364385,43,61,84.15690625,149.15845,0
17.395335,43,61,84.7797875,149.18183125,0
17.424689,43,61,85.0263625,149.16296875,0
17.455549,42,61,85.15596875,149.1677875,0
17.486431,41,61,85.20844375,149.14556875,0
17.51852,40,61,85.22584375,149.14983125,0
17.548003,40,61,85.13185,149.191775,0
17.57893,38,61,85.02108125,149.2581875,0
17.611913,36,61,84.99600625,149.28343125,0
17.641689,34,61,84.94508125,149.323925,0
17.67323,33,61,84.94455625,149.382825,0
17.703451,31,61,85.1884625,149.45929375,0
17.733185,29,61,85.333575,149.49291875,0
17.764008,28,61,85.39639375,149.53923125,0
17.795767,26,61,85.45020625,149.57574375,0
17.82712,25,61,85.461625,149.6278125,0
17.856582,23,61,85.0930125,149.65444375,0
17.887302,22,61,84.89136875,149.6551,0
17.91819,21,61,84.82353125,149.67806875,0
17.949146,21,61,84.73944375,149.7482,0
17.981174,20,61,84.70865,149.80188125,0
18.011324,20,61,84.99424375,149.8078,0
18.041668,20,61,85.15065,149.84659375,0
18.074662,21,61,85.1889125,149.82901875,0
18.105664,21,61,85.2033625,149.70805,0
18.135707,21,61,85.1980875,149.5262125,0
18.165072,22,61,84.75369375,149.41929375,0
18.195874,22,61,84.6164375,149.4348375,0
18.226783,23,61,84.519375,149.51909375,0
18.25752,23,61,84.50684375,149.5539875,0
18.289768,23,61,84.3815625,149.5715125,0
18.319207,24,61,84.3034,149.6584625,0
18.350025,26,61,84.40513125,149.77478125,0
18.380925,31,61,84.46473125,149.83625,0
18.413154,37,61,84.41868125,149.85235625,0
18.443971,44,61,84.41635,149.7828625,0
18.473401,54,61,83.853175,149.76375625,0
18.504393,63,61,83.71215,149.7584125,0
18.537489,71,61,83.54698125,149.7671875,0
18.56692,76,61,83.45509375,149.7582625,0
18.59836,79,61,83.40210625,149.7771625,0
18.62769,79,61,83.5443,149.8187625,0
18.65854,78,61,83.62029375,149.86975,0
18.68945,75,61,83.6051,149.90925,0
18.720877,72,61,83.55979375,149.93251875,0
18.752518,68,61,83.559925,149.9675,0
18.782044,64,61,83.55596875,150.0277125,0
18.814083,60,61,83.49935625,150.0538,0
18.843606,55,61,83.48879375,150.11753125,0
18.874579,51,61,83.41625625,150.13204375,0
18.906641,46,61,83.4467375,150.14923125,0
18.936188,42,61,83.01806875,150.21719375,0
18.967135,40,61,82.81046875,150.22495,0
19.000069,37,61,82.74825,150.2403375,0
19.029664,36,61,82.65404375,150.26535625,0
19.060932,36,61,82.63869375,150.27366875,0
19.090375,37,61,82.55596875,150.3243,0
19.12239,40,61,82.69405,150.34545,0
19.15217,42,61,82.5986375,150.39630625,0
19.182907,44,61,82.6499125,150.316275,0
19.21526,45,61,82.6077,150.13151875,0
19.244655,46,61,83.55363125,149.90521875,0
19.275521,46,61,84.02255625,149.78355625,0
19.306267,45,61,84.2096125,149.7459,0
19.33725,44,61,84.34776875,149.79488125,0
19.36935,43,61,84.41468125,149.802375,0
19.398947,41,61,84.2953375,149.84341875,0
19.430386,40,61,84.33911875,149.86725625,0
19.462847,39,61,84.254075,149.99655625,0
19.492416,37,61,84.31843125,150.06294375,0
19.525131,36,61,84.25728125,150.0774,0
19.553196,34,61,83.7478,149.9808125,0
19.583838,32,61,83.46311875,149.93401875,0
19.614917,31,61,83.372475,149.84393125,0
19.645703,29,61,83.2850625,149.82244375,0
19.677854,28,61,83.33041875,149.8039125,0
19.707367,27,61,83.9439875,149.835075,0
19.738126,26,61,84.41086875,149.92189375,0
19.769074,25,61,84.4553625,149.90678125,0
19.799918,24,61,84.59649375,149.901225,0
19.833397,24,61,84.5474875,149.96601875,0
19.861675,23,61,83.68490625,150.0128125,0
19.892505,23,61,83.1927625,150.00004375,0
19.925557,23,61,82.8712,149.9590625,0
19.955022,24,61,82.81474375,149.9954,0
19.986425,24,61,82.76049375,149.97956875,0
20.015919,24,61,82.6323625,149.9536875,0
